{
  "footprint": {
    "convex_hull": [
      [-18.56, 18.56],
      [-18.56, -18.56],
      [18.56, -18.56],
      [18.56, 18.56]
    ]
  },
  "shape": {
    "vertices": [
      [-18.612148, -0.79678154, 18.612148],
      [-18.612148, -0.79678154, -18.612133],
      [18.612133, -0.79678154, -18.612133],
      [18.612133, -0.79678154, 18.612148],
      [-18.612148, 16.167408, 18.612148],
      [-18.612148, 16.167408, -18.612133],
      [18.612133, 16.167408, -18.612133],
      [18.612133, 16.167408, 18.612148]
    ],
    "indices": [
      [4, 5, 0],
      [5, 1, 0],
      [5, 6, 1],
      [6, 2, 1],
      [6, 7, 3],
      [2, 6, 3],
      [7, 4, 0],
      [3, 7, 0],
      [0, 1, 2],
      [3, 0, 2],
      [7, 6, 5],
      [4, 7, 5]
    ]
  },
  "factory": {
    "products": ["Attacker"],
    "position": [22, 0]
  }
}
