{
  "footprint": {
    "convex_hull": [
      [-6.0, 7.17],
      [-6.0, -7.17],
      [7.3, -7.17],
      [7.3, 7.17]
    ]
  },
  "shape": {
    "vertices": [
      [-5.999917, -0.23414278, 7.1663766],
      [-5.999917, -0.23414278, -7.1663766],
      [7.41022, -0.23414278, -7.1663766],
      [7.41022, -0.23414278, 7.1663766],
      [-5.999917, 5.3982315, 7.1663766],
      [-5.999917, 5.3982315, -7.1663766],
      [7.41022, 5.3982315, -7.1663766],
      [7.41022, 5.3982315, 7.1663766]
    ],
    "indices": [
      [4, 5, 0],
      [5, 1, 0],
      [5, 6, 1],
      [6, 2, 1],
      [6, 7, 3],
      [2, 6, 3],
      [7, 4, 0],
      [3, 7, 0],
      [0, 1, 2],
      [3, 0, 2],
      [7, 6, 5],
      [4, 7, 5]
    ]
  }
}
