{
  "footprint": {
    "convex_hull": [
      [-1.14, 1.27],
      [-1.14, -1.49],
      [0.14, -1.49],
      [0.14, 1.27]
    ]
  },
  "shape": {
    "vertices": [
      [-0.48127055, -0.0010590553, 0.6943124],
      [-0.48127055, -0.0010590553, -0.59048873],
      [0.968513, -0.0010590553, -0.59048873],
      [0.968513, -0.0010590553, 0.6943124],
      [-0.48127055, 7.5373363, 0.6943124],
      [-0.48127055, 7.5373363, -0.59048873],
      [0.968513, 7.5373363, -0.59048873],
      [0.968513, 7.5373363, 0.6943124]
    ],
    "indices": [
      [4, 5, 0],
      [5, 1, 0],
      [5, 6, 1],
      [6, 2, 1],
      [6, 7, 3],
      [2, 6, 3],
      [7, 4, 0],
      [3, 7, 0],
      [0, 1, 2],
      [3, 0, 2],
      [7, 6, 5],
      [4, 7, 5]
    ]
  }
}
