{
  "footprint": {
    "convex_hull": [
      [-0.83, 0.75],
      [-0.83, -0.85],
      [0.92, -0.85],
      [0.92, 0.75]
    ]
  },
  "shape": {
    "vertices": [
      [-0.8327912, -0.01269412, 0.85351884],
      [-0.8327912, -0.01269412, -0.7583636],
      [0.92147636, -0.01269412, -0.7583636],
      [0.92147636, -0.01269412, 0.85351884],
      [-0.8327912, 2.9185643, 0.85351884],
      [-0.8327912, 2.9185643, -0.7583636],
      [0.92147636, 2.9185643, -0.7583636],
      [0.92147636, 2.9185643, 0.85351884]
    ],
    "indices": [
      [4, 5, 0],
      [5, 1, 0],
      [5, 6, 1],
      [6, 2, 1],
      [6, 7, 3],
      [2, 6, 3],
      [7, 4, 0],
      [3, 7, 0],
      [0, 1, 2],
      [3, 0, 2],
      [7, 6, 5],
      [4, 7, 5]
    ]
  }
}
